{"schemaVersion":"1.0","appDefinitionTemplate":{"id":"/providers/Microsoft.PowerApps/apps/","type":"Microsoft.PowerApps/apps","tags":{"primaryDeviceWidth":"1366","primaryDeviceHeight":"768","supportsPortrait":"true","supportsLandscape":"true","primaryFormFactor":"Tablet","publisherVersion":"3.22104.18","minimumRequiredApiVersion":"2.2.0","hasComponent":"false","hasUnlockedComponent":"false","isUnifiedRootApp":"false","sienaVersion":"20221102T133520Z-3.22104.18.0"},"properties":{"appVersion":"2022-11-02T13:35:20Z","lifeCycleId":"Published","createdByClientVersion":{"major":3,"minor":22104,"build":18,"revision":0,"majorRevision":0,"minorRevision":0},"minClientVersion":{"major":3,"minor":22104,"build":18,"revision":0,"majorRevision":0,"minorRevision":0},"backgroundColor":"RGBA(0,176,240,1)","backgroundImageUri":"/1416831353523485880/N0eb979ed-e9d9-47f0-8750-a466e2d812c5-logoSmallFile","displayName":"Quiz Application In-Progress","description":"","commitMessage":"","appUris":{"documentUri":{"value":"/1416831353523485880/N7aeda3a9-e567-41b3-91e6-ba41b10123cb-document.msapp"},"imageUris":[],"additionalUris":[]},"createdTime":"0001-01-01T00:00:00Z","lastModifiedTime":"0001-01-01T00:00:00Z","sharedGroupsCount":0,"sharedUsersCount":0,"icons":{"smallIconUri":"/1416831353523485880/N38931927-9baf-432e-9563-50a5e52492b8-small.png","mediumIconUri":"/1416831353523485880/Na2430d76-df2b-48d2-8911-3b3f802f3118-medium.png","largeIconUri":"/1416831353523485880/Ndb7f9c51-81b8-4172-89e3-f2daae19a566-large.png","wideIconUri":"/1416831353523485880/N1bed069b-b6f6-45c1-ba01-0bae2fd7ea81-wide.png"},"connectionReferences":{"5458e179-9a95-46d2-8a39-a33595140e41":{"id":"22ff8beb-608e-4cd8-969e-1192854025e1","displayName":"SharePoint","iconUri":"https://connectoricons-prod.azureedge.net/releases/v1.0.1607/1.0.1607.3068/sharepointonline/icon.png","dataSources":["Quiz Questions","Master Quiz List","Quiz Id"],"dependencies":[],"dependents":[],"parameterHints":{},"parameterHintsV2":{},"isOnPremiseConnection":false,"bypassConsent":false,"dataSets":{"https://sigilotech.sharepoint.com/sites/DeveloperSite":{"dataSources":{"Quiz Questions":{"tableName":"e8f2fa14-66c5-4e75-ba0f-831d30c0b466"},"Master Quiz List":{"tableName":"015e0fbb-12a1-43d6-b1dd-a5509492aaf8"},"Quiz Id":{"tableName":"4df1cc0b-90a6-49ab-b7c8-28ace878a19c"}}}},"apiTier":"Standard","isCustomApiConnection":false,"actions":["providers/PowerPlatform.Governance/Operations/Read","providers/PowerPlatform.Governance/Operations/Write"]},"9906dcd2-aa31-4e3d-aba6-166110026128":{"id":"22ff8beb-608e-4cd8-969e-1192854025e1","displayName":"SharePoint","iconUri":"https://connectoricons-prod.azureedge.net/releases/v1.0.1607/1.0.1607.3068/sharepointonline/icon.png","dataSources":["Price for Quiz Questions"],"dependencies":[],"dependents":[],"parameterHints":{},"parameterHintsV2":{},"isOnPremiseConnection":false,"bypassConsent":false,"dataSets":{"https://sigilotech.sharepoint.com/sites/DeveloperSite":{"dataSources":{"Price for Quiz Questions":{"tableName":"1a2cb9c0-cae2-45ec-ae2c-f6d9be1801c8"}}}},"apiTier":"Standard","isCustomApiConnection":false,"actions":["providers/PowerPlatform.Governance/Operations/Read","providers/PowerPlatform.Governance/Operations/Write"]}},"databaseReferences":{},"almMode":"Environment","performanceOptimizationEnabled":true,"canConsumeAppPass":true,"enableModernRuntimeMode":false,"executionRestrictions":{"isTeamsOnly":false,"dataLossPreventionEvaluationResult":{"status":"Compliant","lastEvaluationDate":"2022-08-09T07:29:33.8546284Z","violations":[],"violationsByPolicy":[],"violationErrorMessage":"The app uses the following connectors: shared_sharepointonline."}}},"appType":"ClassicCanvasApp","appComponents":[]}}